{
   "entries": {
      "resourceKind": [{
         "resourceKindKey": "HostSystem",
         "internalId": "resourceKind:id:0_::_",
         "adapterKindKey": "VMWARE"
      }],
      "resource": [{
         "resourceKindKey": "vSphere World",
         "internalId": "resource:id:0_::_",
         "adapterKindKey": "VMWARE",
         "identifiers": [],
         "name": "vSphere World"
      }]
   },
   "dashboards": [{
      "shared": true,
      "temporary": false,
      "hidden": false,
      "creationTime": 1768341807383,
      "autoswitchEnabled": false,
      "importAttempts": 0,
      "columnProportion": "1-1",
      "importComplete": true,
      "description": "",
      "widgets": [
         {
            "collapsed": false,
            "id": "02d3f6ad-5ee3-4fe0-a0cf-81a2f2659e02",
            "gridsterCoords": {
               "w": 7,
               "x": 1,
               "h": 9,
               "y": 6
            },
            "type": "View",
            "title": "ESXi Host Details",
            "config": {
               "refreshInterval": 300,
               "resource": {
                  "resourceId": "resource:id:0_::_",
                  "traversalSpecId": "",
                  "resourceName": "vSphere World",
                  "resourceKindId": "002006VMWAREvSphere World",
                  "id": "Ext.vcops.chrome.model.Resource-87"
               },
               "traversalSpecId": null,
               "refreshContent": {"refreshContent": true},
               "isUpdatedView": true,
               "chartViewItems": [],
               "selectFirstRow": {"selectFirstRow": true},
               "selfProvider": {"selfProvider": true},
               "title": "ESXi Host Details",
               "viewDefinitionId": "d0002f17-5acb-46dd-b69f-4a89f31f0c3b"
            },
            "height": 494,
            "states": [
               {
                  "value": "b%3A0",
                  "key": "perm_isDashboardTime_widget_d6c4fc3f-c517-403e-ac3a-ec86c5e14624_02d3f6ad-5ee3-4fe0-a0cf-81a2f2659e02"
               },
               {
                  "value": "o%3Acolumns%3Da%253Ao%25253Aid%25253Ds%2525253ApermTableView_widget_d6c4fc3f-c517-403e-ac3a-ec86c5e14624_02d3f6ad-5ee3-4fe0-a0cf-81a2f2659e02-column-0%25255Ehidden%25253Db%2525253A0%255Eo%25253Aid%25253Ds%2525253ApermTableView_widget_d6c4fc3f-c517-403e-ac3a-ec86c5e14624_02d3f6ad-5ee3-4fe0-a0cf-81a2f2659e02-column-vCommunity%2525257CConfiguration%2525257CInstall%25252520Date%2525257CUTC1%25255Ehidden%25253Db%2525253A0%25255Ewidth%25253Dn%2525253A197.91668701171875%255Eo%25253Aid%25253Ds%2525253ApermTableView_widget_d6c4fc3f-c517-403e-ac3a-ec86c5e14624_02d3f6ad-5ee3-4fe0-a0cf-81a2f2659e02-column-summary%2525257Cversion2%25255Ehidden%25253Db%2525253A0%255Eo%25253Aid%25253Ds%2525253ApermTableView_widget_d6c4fc3f-c517-403e-ac3a-ec86c5e14624_02d3f6ad-5ee3-4fe0-a0cf-81a2f2659e02-column-hardware%2525257CvendorModel3%25255Ehidden%25253Db%2525253A0%255Eo%25253Aid%25253Ds%2525253ApermTableView_widget_d6c4fc3f-c517-403e-ac3a-ec86c5e14624_02d3f6ad-5ee3-4fe0-a0cf-81a2f2659e02-column-hardware%2525257CserialNumberTag4%25255Ehidden%25253Db%2525253A0%255Eo%25253Aid%25253Ds%2525253ApermTableView_widget_d6c4fc3f-c517-403e-ac3a-ec86c5e14624_02d3f6ad-5ee3-4fe0-a0cf-81a2f2659e02-column-hardware%2525257CcpuInfo%2525257CnumCpuPackages5%25255Ehidden%25253Db%2525253A0%25255Ewidth%25253Dn%2525253A77.9166259765625%255Eo%25253Aid%25253Ds%2525253ApermTableView_widget_d6c4fc3f-c517-403e-ac3a-ec86c5e14624_02d3f6ad-5ee3-4fe0-a0cf-81a2f2659e02-column-hardware%2525257CcpuInfo%2525257CnumCpuCores6%25255Ehidden%25253Db%2525253A0%25255Ewidth%25253Dn%2525253A98%255Eo%25253Aid%25253Ds%2525253ApermTableView_widget_d6c4fc3f-c517-403e-ac3a-ec86c5e14624_02d3f6ad-5ee3-4fe0-a0cf-81a2f2659e02-column-hardware%2525257CmemorySize7%25255Ehidden%25253Db%2525253A0%25255Ewidth%25253Dn%2525253A78.8333740234375%255Eo%25253Aid%25253Ds%2525253ApermTableView_widget_d6c4fc3f-c517-403e-ac3a-ec86c5e14624_02d3f6ad-5ee3-4fe0-a0cf-81a2f2659e02-column-config%2525257CdiskSpace8%25255Ehidden%25253Db%2525253A0",
                  "key": "permTableView_widget_d6c4fc3f-c517-403e-ac3a-ec86c5e14624_02d3f6ad-5ee3-4fe0-a0cf-81a2f2659e02"
               }
            ]
         },
         {
            "collapsed": false,
            "id": "7a1b09a3-536d-4117-b54e-6bcbc00e5795",
            "gridsterCoords": {
               "w": 3,
               "x": 1,
               "h": 5,
               "y": 1
            },
            "type": "View",
            "title": "ESXi Host Versions",
            "config": {
               "refreshInterval": 300,
               "resource": {
                  "resourceId": "resource:id:0_::_",
                  "traversalSpecId": "",
                  "resourceName": "vSphere World",
                  "resourceKindId": "002006VMWAREvSphere World",
                  "id": "Ext.vcops.chrome.model.Resource-48"
               },
               "traversalSpecId": null,
               "refreshContent": {"refreshContent": true},
               "isUpdatedView": true,
               "chartViewItems": ["labels"],
               "selectFirstRow": {"selectFirstRow": false},
               "selfProvider": {"selfProvider": true},
               "title": "ESXi Host Versions",
               "viewDefinitionId": "8a6d966f-76f4-4cd0-8e33-97fa3c6c0e0d"
            },
            "height": 267,
            "states": [{
               "value": "b%3A0",
               "key": "perm_isDashboardTime_widget_d6c4fc3f-c517-403e-ac3a-ec86c5e14624_7a1b09a3-536d-4117-b54e-6bcbc00e5795"
            }]
         },
         {
            "collapsed": false,
            "id": "2d607052-a783-4a36-886b-d6426449cd2a",
            "gridsterCoords": {
               "w": 3,
               "x": 4,
               "h": 5,
               "y": 1
            },
            "type": "View",
            "title": "ESXi Host Models",
            "config": {
               "refreshInterval": 300,
               "resource": {
                  "resourceId": "resource:id:0_::_",
                  "traversalSpecId": "",
                  "resourceName": "vSphere World",
                  "resourceKindId": "002006VMWAREvSphere World",
                  "id": "Ext.vcops.chrome.model.Resource-52"
               },
               "traversalSpecId": null,
               "refreshContent": {"refreshContent": true},
               "isUpdatedView": true,
               "chartViewItems": ["labels"],
               "selectFirstRow": {"selectFirstRow": false},
               "selfProvider": {"selfProvider": true},
               "title": "ESXi Host Models",
               "viewDefinitionId": "8342e94a-ffdd-4630-9384-0d876026b520"
            },
            "height": 267,
            "states": [{
               "value": "b%3A0",
               "key": "perm_isDashboardTime_widget_d6c4fc3f-c517-403e-ac3a-ec86c5e14624_2d607052-a783-4a36-886b-d6426449cd2a"
            }]
         },
         {
            "collapsed": false,
            "id": "42ed956e-bf95-487d-9817-db40536e6d60",
            "gridsterCoords": {
               "w": 4,
               "x": 5,
               "h": 10,
               "y": 15
            },
            "type": "PropertyList",
            "title": "Advanced System Settings (for selected ESXi Host)",
            "config": {
               "visualTheme": 0,
               "depth": 1,
               "refreshInterval": 300,
               "metric": {
                  "mode": "resourceKind",
                  "resourceMetrics": [],
                  "resourceKindMetrics": [
                     {
                        "yellowBound": null,
                        "metricUnitId": null,
                        "metricName": "vCommunity|Configuration|Advanced System Settings|CBRC.DCacheMemReserved",
                        "metricKey": "vCommunity|Configuration|Advanced System Settings|CBRC.DCacheMemReserved",
                        "handleOldColoring": false,
                        "maxValue": "",
                        "resourceKindName": "Host System",
                        "isStringMetric": false,
                        "resourceKindId": "resourceKind:id:0_::_",
                        "label": "CBRC.DCacheMemReserved",
                        "orangeBound": null,
                        "unit": "",
                        "redBound": null,
                        "id": "extModel15198-1",
                        "colorMethod": 1
                     },
                     {
                        "yellowBound": null,
                        "metricUnitId": null,
                        "metricName": "vCommunity|Configuration|Advanced System Settings|CBRC.Enable",
                        "metricKey": "vCommunity|Configuration|Advanced System Settings|CBRC.Enable",
                        "handleOldColoring": false,
                        "maxValue": "",
                        "resourceKindName": "Host System",
                        "isStringMetric": false,
                        "resourceKindId": "resourceKind:id:0_::_",
                        "label": "CBRC.Enable",
                        "orangeBound": null,
                        "unit": "",
                        "redBound": null,
                        "id": "extModel15198-2",
                        "colorMethod": 1
                     },
                     {
                        "yellowBound": null,
                        "metricUnitId": null,
                        "metricName": "vCommunity|Configuration|Advanced System Settings|Config.HostAgent.log.level",
                        "metricKey": "vCommunity|Configuration|Advanced System Settings|Config.HostAgent.log.level",
                        "handleOldColoring": false,
                        "maxValue": "",
                        "resourceKindName": "Host System",
                        "isStringMetric": true,
                        "resourceKindId": "resourceKind:id:0_::_",
                        "label": "Config.HostAgent.log.level",
                        "orangeBound": null,
                        "unit": "",
                        "redBound": null,
                        "id": "extModel15198-3",
                        "colorMethod": 1
                     },
                     {
                        "yellowBound": null,
                        "metricUnitId": null,
                        "metricName": "vCommunity|Configuration|Advanced System Settings|Config.HostAgent.plugins.solo.enableMob",
                        "metricKey": "vCommunity|Configuration|Advanced System Settings|Config.HostAgent.plugins.solo.enableMob",
                        "handleOldColoring": false,
                        "maxValue": "",
                        "resourceKindName": "Host System",
                        "isStringMetric": false,
                        "resourceKindId": "resourceKind:id:0_::_",
                        "label": "Config.HostAgent.plugins.solo.enableMob",
                        "orangeBound": null,
                        "unit": "",
                        "redBound": null,
                        "id": "extModel15198-4",
                        "colorMethod": 1
                     },
                     {
                        "yellowBound": null,
                        "metricUnitId": null,
                        "metricName": "vCommunity|Configuration|Advanced System Settings|Config.HostAgent.ssl.minPrivateKeyLength",
                        "metricKey": "vCommunity|Configuration|Advanced System Settings|Config.HostAgent.ssl.minPrivateKeyLength",
                        "handleOldColoring": false,
                        "maxValue": "",
                        "resourceKindName": "Host System",
                        "isStringMetric": true,
                        "resourceKindId": "resourceKind:id:0_::_",
                        "label": "Config.HostAgent.ssl.minPrivateKeyLength",
                        "orangeBound": null,
                        "unit": "",
                        "redBound": null,
                        "id": "extModel15198-5",
                        "colorMethod": 1
                     },
                     {
                        "yellowBound": null,
                        "metricUnitId": null,
                        "metricName": "vCommunity|Configuration|Advanced System Settings|Config.HostAgent.ticketing.thumbprintTypes",
                        "metricKey": "vCommunity|Configuration|Advanced System Settings|Config.HostAgent.ticketing.thumbprintTypes",
                        "handleOldColoring": false,
                        "maxValue": "",
                        "resourceKindName": "Host System",
                        "isStringMetric": true,
                        "resourceKindId": "resourceKind:id:0_::_",
                        "label": "Config.HostAgent.ticketing.thumbprintTypes",
                        "orangeBound": null,
                        "unit": "",
                        "redBound": null,
                        "id": "extModel15198-6",
                        "colorMethod": 1
                     },
                     {
                        "yellowBound": null,
                        "metricUnitId": null,
                        "metricName": "vCommunity|Configuration|Advanced System Settings|Config.HostAgent.vmacore.soap.maxSessionCount",
                        "metricKey": "vCommunity|Configuration|Advanced System Settings|Config.HostAgent.vmacore.soap.maxSessionCount",
                        "handleOldColoring": false,
                        "maxValue": "",
                        "resourceKindName": "Host System",
                        "isStringMetric": false,
                        "resourceKindId": "resourceKind:id:0_::_",
                        "label": "Config.HostAgent.vmacore.soap.maxSessionCount",
                        "orangeBound": null,
                        "unit": "",
                        "redBound": null,
                        "id": "extModel15198-7",
                        "colorMethod": 1
                     },
                     {
                        "yellowBound": null,
                        "metricUnitId": null,
                        "metricName": "vCommunity|Configuration|Advanced System Settings|Config.HostAgent.vmacore.soap.sessionTimeout",
                        "metricKey": "vCommunity|Configuration|Advanced System Settings|Config.HostAgent.vmacore.soap.sessionTimeout",
                        "handleOldColoring": false,
                        "maxValue": "",
                        "resourceKindName": "Host System",
                        "isStringMetric": false,
                        "resourceKindId": "resourceKind:id:0_::_",
                        "label": "Config.HostAgent.vmacore.soap.sessionTimeout",
                        "orangeBound": null,
                        "unit": "",
                        "redBound": null,
                        "id": "extModel15198-8",
                        "colorMethod": 1
                     },
                     {
                        "yellowBound": null,
                        "metricUnitId": null,
                        "metricName": "vCommunity|Configuration|Advanced System Settings|COW.COWMaxHeapSizeMB",
                        "metricKey": "vCommunity|Configuration|Advanced System Settings|COW.COWMaxHeapSizeMB",
                        "handleOldColoring": false,
                        "maxValue": "",
                        "resourceKindName": "Host System",
                        "isStringMetric": false,
                        "resourceKindId": "resourceKind:id:0_::_",
                        "label": "COW.COWMaxHeapSizeMB",
                        "orangeBound": null,
                        "unit": "",
                        "redBound": null,
                        "id": "extModel15198-9",
                        "colorMethod": 1
                     },
                     {
                        "yellowBound": null,
                        "metricUnitId": null,
                        "metricName": "vCommunity|Configuration|Advanced System Settings|COW.COWMaxREPageCacheszMB",
                        "metricKey": "vCommunity|Configuration|Advanced System Settings|COW.COWMaxREPageCacheszMB",
                        "handleOldColoring": false,
                        "maxValue": "",
                        "resourceKindName": "Host System",
                        "isStringMetric": false,
                        "resourceKindId": "resourceKind:id:0_::_",
                        "label": "COW.COWMaxREPageCacheszMB",
                        "orangeBound": null,
                        "unit": "",
                        "redBound": null,
                        "id": "extModel15198-10",
                        "colorMethod": 1
                     },
                     {
                        "yellowBound": null,
                        "metricUnitId": null,
                        "metricName": "vCommunity|Configuration|Advanced System Settings|Security.AccountLockFailures",
                        "metricKey": "vCommunity|Configuration|Advanced System Settings|Security.AccountLockFailures",
                        "handleOldColoring": false,
                        "maxValue": "",
                        "resourceKindName": "Host System",
                        "isStringMetric": false,
                        "resourceKindId": "resourceKind:id:0_::_",
                        "label": "Security.AccountLockFailures",
                        "orangeBound": null,
                        "unit": "",
                        "redBound": null,
                        "id": "extModel15198-11",
                        "colorMethod": 1
                     },
                     {
                        "yellowBound": null,
                        "metricUnitId": null,
                        "metricName": "vCommunity|Configuration|Advanced System Settings|Security.AccountUnlockTime",
                        "metricKey": "vCommunity|Configuration|Advanced System Settings|Security.AccountUnlockTime",
                        "handleOldColoring": false,
                        "maxValue": "",
                        "resourceKindName": "Host System",
                        "isStringMetric": false,
                        "resourceKindId": "resourceKind:id:0_::_",
                        "label": "Security.AccountUnlockTime",
                        "orangeBound": null,
                        "unit": "",
                        "redBound": null,
                        "id": "extModel15198-12",
                        "colorMethod": 1
                     },
                     {
                        "yellowBound": null,
                        "metricUnitId": null,
                        "metricName": "vCommunity|Configuration|Advanced System Settings|Security.PasswordMaxDays",
                        "metricKey": "vCommunity|Configuration|Advanced System Settings|Security.PasswordMaxDays",
                        "handleOldColoring": false,
                        "maxValue": "",
                        "resourceKindName": "Host System",
                        "isStringMetric": false,
                        "resourceKindId": "resourceKind:id:0_::_",
                        "label": "Security.PasswordMaxDays",
                        "orangeBound": null,
                        "unit": "",
                        "redBound": null,
                        "id": "extModel15198-13",
                        "colorMethod": 1
                     },
                     {
                        "yellowBound": null,
                        "metricUnitId": null,
                        "metricName": "vCommunity|Configuration|Advanced System Settings|Syslog.global.auditRecord.storageDirectory",
                        "metricKey": "vCommunity|Configuration|Advanced System Settings|Syslog.global.auditRecord.storageDirectory",
                        "handleOldColoring": false,
                        "maxValue": "",
                        "resourceKindName": "Host System",
                        "isStringMetric": true,
                        "resourceKindId": "resourceKind:id:0_::_",
                        "label": "Syslog.global.auditRecord.storageDirectory",
                        "orangeBound": null,
                        "unit": "",
                        "redBound": null,
                        "id": "extModel15198-14",
                        "colorMethod": 1
                     },
                     {
                        "yellowBound": null,
                        "metricUnitId": null,
                        "metricName": "vCommunity|Configuration|Advanced System Settings|Syslog.global.logDir",
                        "metricKey": "vCommunity|Configuration|Advanced System Settings|Syslog.global.logDir",
                        "handleOldColoring": false,
                        "maxValue": "",
                        "resourceKindName": "Host System",
                        "isStringMetric": true,
                        "resourceKindId": "resourceKind:id:0_::_",
                        "label": "Syslog.global.logDir",
                        "orangeBound": null,
                        "unit": "",
                        "redBound": null,
                        "id": "extModel15198-15",
                        "colorMethod": 1
                     },
                     {
                        "yellowBound": null,
                        "metricUnitId": null,
                        "metricName": "vCommunity|Configuration|Advanced System Settings|Syslog.global.certificate.checkSSLCerts",
                        "metricKey": "vCommunity|Configuration|Advanced System Settings|Syslog.global.certificate.checkSSLCerts",
                        "handleOldColoring": false,
                        "maxValue": "",
                        "resourceKindName": "Host System",
                        "isStringMetric": false,
                        "resourceKindId": "resourceKind:id:0_::_",
                        "label": "Syslog.global.certificate.checkSSLCerts",
                        "orangeBound": null,
                        "unit": "",
                        "redBound": null,
                        "id": "extModel15198-16",
                        "colorMethod": 1
                     },
                     {
                        "yellowBound": null,
                        "metricUnitId": null,
                        "metricName": "vCommunity|Configuration|Advanced System Settings|Syslog.global.logFiltersEnable",
                        "metricKey": "vCommunity|Configuration|Advanced System Settings|Syslog.global.logFiltersEnable",
                        "handleOldColoring": false,
                        "maxValue": "",
                        "resourceKindName": "Host System",
                        "isStringMetric": false,
                        "resourceKindId": "resourceKind:id:0_::_",
                        "label": "Syslog.global.logFiltersEnable",
                        "orangeBound": null,
                        "unit": "",
                        "redBound": null,
                        "id": "extModel15198-17",
                        "colorMethod": 1
                     },
                     {
                        "yellowBound": null,
                        "metricUnitId": null,
                        "metricName": "vCommunity|Configuration|Advanced System Settings|Syslog.global.logHost",
                        "metricKey": "vCommunity|Configuration|Advanced System Settings|Syslog.global.logHost",
                        "handleOldColoring": false,
                        "maxValue": "",
                        "resourceKindName": "Host System",
                        "isStringMetric": true,
                        "resourceKindId": "resourceKind:id:0_::_",
                        "label": "Syslog.global.logHost",
                        "orangeBound": null,
                        "unit": "",
                        "redBound": null,
                        "id": "extModel15198-18",
                        "colorMethod": 1
                     },
                     {
                        "yellowBound": null,
                        "metricUnitId": null,
                        "metricName": "vCommunity|Configuration|Advanced System Settings|Syslog.global.logLevel",
                        "metricKey": "vCommunity|Configuration|Advanced System Settings|Syslog.global.logLevel",
                        "handleOldColoring": false,
                        "maxValue": "",
                        "resourceKindName": "Host System",
                        "isStringMetric": true,
                        "resourceKindId": "resourceKind:id:0_::_",
                        "label": "Syslog.global.logLevel",
                        "orangeBound": null,
                        "unit": "",
                        "redBound": null,
                        "id": "extModel15198-19",
                        "colorMethod": 1
                     },
                     {
                        "yellowBound": null,
                        "metricUnitId": null,
                        "metricName": "vCommunity|Configuration|Advanced System Settings|UserVars.DcuiTimeOut",
                        "metricKey": "vCommunity|Configuration|Advanced System Settings|UserVars.DcuiTimeOut",
                        "handleOldColoring": false,
                        "maxValue": "",
                        "resourceKindName": "Host System",
                        "isStringMetric": false,
                        "resourceKindId": "resourceKind:id:0_::_",
                        "label": "UserVars.DcuiTimeOut",
                        "orangeBound": null,
                        "unit": "",
                        "redBound": null,
                        "id": "extModel15198-20",
                        "colorMethod": 1
                     },
                     {
                        "yellowBound": null,
                        "metricUnitId": null,
                        "metricName": "vCommunity|Configuration|Advanced System Settings|UserVars.ESXiShellTimeOut",
                        "metricKey": "vCommunity|Configuration|Advanced System Settings|UserVars.ESXiShellTimeOut",
                        "handleOldColoring": false,
                        "maxValue": "",
                        "resourceKindName": "Host System",
                        "isStringMetric": false,
                        "resourceKindId": "resourceKind:id:0_::_",
                        "label": "UserVars.ESXiShellTimeOut",
                        "orangeBound": null,
                        "unit": "",
                        "redBound": null,
                        "id": "extModel15198-21",
                        "colorMethod": 1
                     },
                     {
                        "yellowBound": null,
                        "metricUnitId": null,
                        "metricName": "vCommunity|Configuration|Advanced System Settings|UserVars.SuppressHyperthreadWarning",
                        "metricKey": "vCommunity|Configuration|Advanced System Settings|UserVars.SuppressHyperthreadWarning",
                        "handleOldColoring": false,
                        "maxValue": "",
                        "resourceKindName": "Host System",
                        "isStringMetric": false,
                        "resourceKindId": "resourceKind:id:0_::_",
                        "label": "UserVars.SuppressHyperthreadWarning",
                        "orangeBound": null,
                        "unit": "",
                        "redBound": null,
                        "id": "extModel15198-22",
                        "colorMethod": 1
                     },
                     {
                        "yellowBound": null,
                        "metricUnitId": null,
                        "metricName": "vCommunity|Configuration|Advanced System Settings|UserVars.SuppressShellWarning",
                        "metricKey": "vCommunity|Configuration|Advanced System Settings|UserVars.SuppressShellWarning",
                        "handleOldColoring": false,
                        "maxValue": "",
                        "resourceKindName": "Host System",
                        "isStringMetric": false,
                        "resourceKindId": "resourceKind:id:0_::_",
                        "label": "UserVars.SuppressShellWarning",
                        "orangeBound": null,
                        "unit": "",
                        "redBound": null,
                        "id": "extModel15198-23",
                        "colorMethod": 1
                     }
                  ],
                  "subMode": "resourceKindAll"
               },
               "resource": [],
               "refreshContent": {"refreshContent": true},
               "relationshipMode": {"relationshipMode": 0},
               "customFilter": {
                  "filter": [],
                  "excludedResources": null,
                  "includedResources": null
               },
               "selfProvider": {"selfProvider": false},
               "title": "Advanced System Settings (for selected ESXi Host)",
               "showMetricFullName": {"metricFullName": true},
               "resInteractionMode": null
            },
            "height": 552,
            "states": [{
               "value": "o%3Acolumns%3Da%253Ao%25253Aid%25253Ds%2525253Ah1%25255Ehidden%25253Db%2525253A1%25255Ewidth%25253Dn%2525253A100%255Eo%25253Aid%25253Ds%2525253Ah2%255Eo%25253Aid%25253Ds%2525253Ah3%25255Ewidth%25253Dn%2525253A347.1666259765625%255Eo%25253Aid%25253Ds%2525253Ah4",
               "key": "permMetricListDataGrid_metricGrid_widget_d6c4fc3f-c517-403e-ac3a-ec86c5e14624_42ed956e-bf95-487d-9817-db40536e6d60"
            }]
         },
         {
            "collapsed": false,
            "id": "c32b88f5-243c-42e2-9068-1b6cee2b8b46",
            "gridsterCoords": {
               "w": 4,
               "x": 9,
               "h": 10,
               "y": 15
            },
            "type": "View",
            "title": "Packages (for selected ESXi Host)",
            "config": {
               "refreshInterval": 300,
               "resource": null,
               "traversalSpecId": "",
               "refreshContent": {"refreshContent": true},
               "isUpdatedView": true,
               "chartViewItems": [],
               "selectFirstRow": {"selectFirstRow": false},
               "selfProvider": {"selfProvider": false},
               "title": "Packages (for selected ESXi Host)",
               "viewDefinitionId": "5de4b799-4532-4b31-84c8-aa41840858bf"
            },
            "height": 551,
            "states": [
               {
                  "value": "o%3Acolumns%3Da%253Ao%25253Aid%25253Ds%2525253ApermTableView_widget_d6c4fc3f-c517-403e-ac3a-ec86c5e14624_c32b88f5-243c-42e2-9068-1b6cee2b8b46-column-0%25255Ehidden%25253Db%2525253A0%25255Ewidth%25253Dn%2525253A131.5%255Eo%25253Aid%25253Ds%2525253ApermTableView_widget_d6c4fc3f-c517-403e-ac3a-ec86c5e14624_c32b88f5-243c-42e2-9068-1b6cee2b8b46-column-Instance%25252520Name1%25255Ehidden%25253Db%2525253A0%255Eo%25253Aid%25253Ds%2525253ApermTableView_widget_d6c4fc3f-c517-403e-ac3a-ec86c5e14624_c32b88f5-243c-42e2-9068-1b6cee2b8b46-column-vCommunity%2525257CConfiguration%2525257CPackages%2525253Aatlantic%2525257CPackage%25252520Version2%25255Ehidden%25253Db%2525253A0%25255Ewidth%25253Dn%2525253A354",
                  "key": "permTableView_widget_d6c4fc3f-c517-403e-ac3a-ec86c5e14624_c32b88f5-243c-42e2-9068-1b6cee2b8b46"
               },
               {
                  "value": "b%3A0",
                  "key": "perm_isDashboardTime_widget_d6c4fc3f-c517-403e-ac3a-ec86c5e14624_c32b88f5-243c-42e2-9068-1b6cee2b8b46"
               }
            ]
         },
         {
            "collapsed": false,
            "id": "9d0139c1-279e-4572-9196-c19b5201ed62",
            "gridsterCoords": {
               "w": 4,
               "x": 1,
               "h": 10,
               "y": 15
            },
            "type": "PropertyList",
            "title": "Properties (for selected ESXi Host)",
            "config": {
               "visualTheme": 0,
               "depth": 1,
               "refreshInterval": 300,
               "metric": {
                  "mode": "resourceKind",
                  "resourceMetrics": [],
                  "resourceKindMetrics": [
                     {
                        "yellowBound": null,
                        "metricUnitId": null,
                        "metricName": "Runtime|Power State",
                        "metricKey": "runtime|powerState",
                        "handleOldColoring": false,
                        "maxValue": "",
                        "resourceKindName": "Host System",
                        "isStringMetric": true,
                        "resourceKindId": "resourceKind:id:0_::_",
                        "label": "Power State",
                        "orangeBound": null,
                        "unit": "",
                        "redBound": null,
                        "id": "extModel24191-10",
                        "colorMethod": 1
                     },
                     {
                        "yellowBound": null,
                        "metricUnitId": null,
                        "metricName": "Runtime|Connection State",
                        "metricKey": "runtime|connectionState",
                        "handleOldColoring": false,
                        "maxValue": "",
                        "resourceKindName": "Host System",
                        "isStringMetric": true,
                        "resourceKindId": "resourceKind:id:0_::_",
                        "label": "Connection State",
                        "orangeBound": null,
                        "unit": "",
                        "redBound": null,
                        "id": "extModel24191-7",
                        "colorMethod": 1
                     },
                     {
                        "yellowBound": null,
                        "metricUnitId": null,
                        "metricName": "Runtime|Maintenance State",
                        "metricKey": "runtime|maintenanceState",
                        "handleOldColoring": false,
                        "maxValue": "",
                        "resourceKindName": "Host System",
                        "isStringMetric": true,
                        "resourceKindId": "resourceKind:id:0_::_",
                        "label": "Maintenance State",
                        "orangeBound": null,
                        "unit": "",
                        "redBound": null,
                        "id": "extModel24191-9",
                        "colorMethod": 1
                     },
                     {
                        "yellowBound": null,
                        "metricUnitId": null,
                        "metricName": "Configuration|Hyperthreading|Active",
                        "metricKey": "config|hyperThread|active",
                        "handleOldColoring": false,
                        "maxValue": "",
                        "resourceKindName": "Host System",
                        "isStringMetric": true,
                        "resourceKindId": "resourceKind:id:0_::_",
                        "label": "Hyperthreading Enabled",
                        "orangeBound": null,
                        "unit": "",
                        "redBound": null,
                        "id": "extModel24191-1",
                        "colorMethod": 1
                     },
                     {
                        "yellowBound": null,
                        "metricUnitId": null,
                        "metricName": "Configuration|vSAN Enabled",
                        "metricKey": "config|vsanEnabled",
                        "handleOldColoring": false,
                        "maxValue": "",
                        "resourceKindName": "Host System",
                        "isStringMetric": true,
                        "resourceKindId": "resourceKind:id:0_::_",
                        "label": "vSAN Enabled",
                        "orangeBound": null,
                        "unit": "",
                        "redBound": null,
                        "id": "extModel24191-2",
                        "colorMethod": 1
                     },
                     {
                        "yellowBound": null,
                        "metricUnitId": null,
                        "metricName": "DNS Summary|Forward Lookup Status",
                        "metricKey": "DNS|FORWARD_LOOKUP_STATUS",
                        "handleOldColoring": false,
                        "maxValue": "",
                        "resourceKindName": "Host System",
                        "isStringMetric": true,
                        "resourceKindId": "resourceKind:id:0_::_",
                        "label": "DNS Forward Lookup Status",
                        "orangeBound": null,
                        "unit": "",
                        "redBound": null,
                        "id": "extModel24191-3",
                        "colorMethod": 1
                     },
                     {
                        "yellowBound": null,
                        "metricUnitId": null,
                        "metricName": "DNS Summary|Reverse Lookup Status",
                        "metricKey": "DNS|REVERSE_LOOKUP_STATUS",
                        "handleOldColoring": false,
                        "maxValue": "",
                        "resourceKindName": "Host System",
                        "isStringMetric": true,
                        "resourceKindId": "resourceKind:id:0_::_",
                        "label": "DNS Reverse Lookup Status",
                        "orangeBound": null,
                        "unit": "",
                        "redBound": null,
                        "id": "extModel24191-4",
                        "colorMethod": 1
                     },
                     {
                        "yellowBound": null,
                        "metricUnitId": null,
                        "metricName": "Hardware|ESXi Power Management Setting",
                        "metricKey": "hardware|powerManagementPolicy",
                        "handleOldColoring": false,
                        "maxValue": "",
                        "resourceKindName": "Host System",
                        "isStringMetric": true,
                        "resourceKindId": "resourceKind:id:0_::_",
                        "label": "Power Management Setting",
                        "orangeBound": null,
                        "unit": "",
                        "redBound": null,
                        "id": "extModel24191-6",
                        "colorMethod": 1
                     },
                     {
                        "yellowBound": null,
                        "metricUnitId": null,
                        "metricName": "Runtime|Quarantine State",
                        "metricKey": "runtime|quarantineState",
                        "handleOldColoring": false,
                        "maxValue": "",
                        "resourceKindName": "Host System",
                        "isStringMetric": true,
                        "resourceKindId": "resourceKind:id:0_::_",
                        "label": "Quarantine State",
                        "orangeBound": null,
                        "unit": "",
                        "redBound": null,
                        "id": "extModel24191-11",
                        "colorMethod": 1
                     }
                  ],
                  "subMode": "resourceKindAll"
               },
               "resource": [],
               "refreshContent": {"refreshContent": true},
               "relationshipMode": {"relationshipMode": 0},
               "customFilter": {
                  "filter": [],
                  "excludedResources": null,
                  "includedResources": null
               },
               "selfProvider": {"selfProvider": false},
               "title": "Properties (for selected ESXi Host)",
               "showMetricFullName": {"metricFullName": true},
               "resInteractionMode": null
            },
            "height": 551,
            "states": [{
               "value": "o%3Acolumns%3Da%253Ao%25253Aid%25253Ds%2525253Ah1%25255Ehidden%25253Db%2525253A1%25255Ewidth%25253Dn%2525253A100%255Eo%25253Aid%25253Ds%2525253Ah2%255Eo%25253Aid%25253Ds%2525253Ah3%25255Ewidth%25253Dn%2525253A198.5%255Eo%25253Aid%25253Ds%2525253Ah4",
               "key": "permMetricListDataGrid_metricGrid_widget_d6c4fc3f-c517-403e-ac3a-ec86c5e14624_9d0139c1-279e-4572-9196-c19b5201ed62"
            }]
         },
         {
            "collapsed": false,
            "id": "4388c0fb-0974-4b57-b44f-9ef570e01d06",
            "gridsterCoords": {
               "w": 3,
               "x": 7,
               "h": 5,
               "y": 1
            },
            "type": "View",
            "title": "ESXi Host Power State",
            "config": {
               "refreshInterval": 300,
               "resource": {
                  "resourceId": "resource:id:0_::_",
                  "traversalSpecId": "",
                  "resourceName": "vSphere World",
                  "resourceKindId": "002006VMWAREvSphere World",
                  "id": "Ext.vcops.chrome.model.Resource-1"
               },
               "traversalSpecId": null,
               "refreshContent": {"refreshContent": true},
               "isUpdatedView": true,
               "chartViewItems": ["labels"],
               "selectFirstRow": {"selectFirstRow": false},
               "selfProvider": {"selfProvider": true},
               "title": "ESXi Host Power State",
               "viewDefinitionId": "56f47a85-150b-4bfe-b693-a42337bf1985"
            },
            "height": 267
         },
         {
            "collapsed": false,
            "id": "a29622c7-7a36-4ec5-bcd9-ef0c31cf03e4",
            "gridsterCoords": {
               "w": 3,
               "x": 10,
               "h": 5,
               "y": 1
            },
            "type": "View",
            "title": "ESXi Host Maintenance State",
            "config": {
               "refreshInterval": 300,
               "resource": {
                  "resourceId": "resource:id:0_::_",
                  "traversalSpecId": "",
                  "resourceName": "vSphere World",
                  "resourceKindId": "002006VMWAREvSphere World",
                  "id": "Ext.vcops.chrome.model.Resource-28"
               },
               "traversalSpecId": null,
               "refreshContent": {"refreshContent": true},
               "isUpdatedView": true,
               "chartViewItems": ["labels"],
               "selectFirstRow": {"selectFirstRow": false},
               "selfProvider": {"selfProvider": true},
               "title": "ESXi Host Maintenance State",
               "viewDefinitionId": "2a1ce101-dea2-4866-adb0-16516dae9217"
            },
            "height": 267
         },
         {
            "collapsed": false,
            "id": "ee20e05e-370d-4e82-be5b-925b76631596",
            "gridsterCoords": {
               "w": 5,
               "x": 8,
               "h": 4,
               "y": 6
            },
            "type": "View",
            "title": "License Information (for selected ESXi Host)",
            "config": {
               "refreshInterval": 300,
               "resource": null,
               "traversalSpecId": "",
               "refreshContent": {"refreshContent": true},
               "isUpdatedView": true,
               "chartViewItems": [],
               "selectFirstRow": {"selectFirstRow": false},
               "selfProvider": {"selfProvider": false},
               "title": "License Information (for selected ESXi Host)",
               "viewDefinitionId": "810958f4-e511-4e44-afaa-c04956768daf"
            },
            "height": 210,
            "states": [
               {
                  "value": "o%3Acolumns%3Da%253Ao%25253Aid%25253Ds%2525253ApermTableView_widget_d6c4fc3f-c517-403e-ac3a-ec86c5e14624_ee20e05e-370d-4e82-be5b-925b76631596-column-0%25255Ehidden%25253Db%2525253A0%255Eo%25253Aid%25253Ds%2525253ApermTableView_widget_d6c4fc3f-c517-403e-ac3a-ec86c5e14624_ee20e05e-370d-4e82-be5b-925b76631596-column-Instance%25252520Name1%25255Ehidden%25253Db%2525253A0%255Eo%25253Aid%25253Ds%2525253ApermTableView_widget_d6c4fc3f-c517-403e-ac3a-ec86c5e14624_ee20e05e-370d-4e82-be5b-925b76631596-column-vCommunity%2525257CLicensing%2525253AEvaluation%25252520Mode%2525257CEdition%25252520Key2%25255Ehidden%25253Db%2525253A0%255Eo%25253Aid%25253Ds%2525253ApermTableView_widget_d6c4fc3f-c517-403e-ac3a-ec86c5e14624_ee20e05e-370d-4e82-be5b-925b76631596-column-vCommunity%2525257CLicensing%2525253AEvaluation%25252520Mode%2525257CLicense%25252520Key3%25255Ehidden%25253Db%2525253A0%255Eo%25253Aid%25253Ds%2525253ApermTableView_widget_d6c4fc3f-c517-403e-ac3a-ec86c5e14624_ee20e05e-370d-4e82-be5b-925b76631596-column-vCommunity%2525257CLicensing%2525253AEvaluation%25252520Mode%2525257CLicense%25252520Expiration%25252520Date4%25255Ehidden%25253Db%2525253A0%255Eo%25253Aid%25253Ds%2525253ApermTableView_widget_d6c4fc3f-c517-403e-ac3a-ec86c5e14624_ee20e05e-370d-4e82-be5b-925b76631596-column-vCommunity%2525257CLicensing%2525253AEvaluation%25252520Mode%2525257CRemaining%25252520Days5%25255Ehidden%25253Db%2525253A0",
                  "key": "permTableView_widget_d6c4fc3f-c517-403e-ac3a-ec86c5e14624_ee20e05e-370d-4e82-be5b-925b76631596"
               },
               {
                  "value": "b%3A0",
                  "key": "perm_isDashboardTime_widget_d6c4fc3f-c517-403e-ac3a-ec86c5e14624_ee20e05e-370d-4e82-be5b-925b76631596"
               }
            ]
         },
         {
            "collapsed": false,
            "id": "f77fe36c-d03c-4bd0-b7ce-dbc0df448daa",
            "gridsterCoords": {
               "w": 5,
               "x": 8,
               "h": 5,
               "y": 10
            },
            "type": "View",
            "title": "NIC Information (for selected ESXi Host)",
            "config": {
               "refreshInterval": 300,
               "resource": null,
               "traversalSpecId": "",
               "refreshContent": {"refreshContent": true},
               "isUpdatedView": true,
               "chartViewItems": [],
               "selectFirstRow": {"selectFirstRow": false},
               "selfProvider": {"selfProvider": false},
               "title": "NIC Information (for selected ESXi Host)",
               "viewDefinitionId": "59c6f945-e83b-4668-a6a3-d789b9d05166"
            },
            "height": 267,
            "states": [
               {
                  "value": "b%3A0",
                  "key": "perm_isDashboardTime_widget_d6c4fc3f-c517-403e-ac3a-ec86c5e14624_f77fe36c-d03c-4bd0-b7ce-dbc0df448daa"
               },
               {
                  "value": "o%3Acolumns%3Da%253Ao%25253Aid%25253Ds%2525253ApermTableView_widget_d6c4fc3f-c517-403e-ac3a-ec86c5e14624_f77fe36c-d03c-4bd0-b7ce-dbc0df448daa-column-0%25255Ehidden%25253Db%2525253A0%255Eo%25253Aid%25253Ds%2525253ApermTableView_widget_d6c4fc3f-c517-403e-ac3a-ec86c5e14624_f77fe36c-d03c-4bd0-b7ce-dbc0df448daa-column-Instance%25252520Name1%25255Ehidden%25253Db%2525253A0%255Eo%25253Aid%25253Ds%2525253ApermTableView_widget_d6c4fc3f-c517-403e-ac3a-ec86c5e14624_f77fe36c-d03c-4bd0-b7ce-dbc0df448daa-column-vCommunity%2525257CNetwork%2525257CDevice%2525253Avmnic0%2525257CStatus2%25255Ehidden%25253Db%2525253A0%255Eo%25253Aid%25253Ds%2525253ApermTableView_widget_d6c4fc3f-c517-403e-ac3a-ec86c5e14624_f77fe36c-d03c-4bd0-b7ce-dbc0df448daa-column-vCommunity%2525257CNetwork%2525257CDevice%2525253Avmnic0%2525257CFirmware%25252520Version3%25255Ehidden%25253Db%2525253A0%255Eo%25253Aid%25253Ds%2525253ApermTableView_widget_d6c4fc3f-c517-403e-ac3a-ec86c5e14624_f77fe36c-d03c-4bd0-b7ce-dbc0df448daa-column-vCommunity%2525257CNetwork%2525257CDevice%2525253Avmnic0%2525257CDriver%25252520Version4%25255Ehidden%25253Db%2525253A0",
                  "key": "permTableView_widget_d6c4fc3f-c517-403e-ac3a-ec86c5e14624_f77fe36c-d03c-4bd0-b7ce-dbc0df448daa"
               }
            ]
         }
      ],
      "states": [{
         "value": "o%3AdateRange%3Ds%253Alast7Days%5EdateRangeText%3Ds%253A7D",
         "key": "permDashboardTime_dashboard_d6c4fc3f-c517-403e-ac3a-ec86c5e14624"
      }],
      "homeTab": false,
      "rank": 0,
      "disabled": false,
      "id": "d6c4fc3f-c517-403e-ac3a-ec86c5e14624",
      "adapterName": "iSDK_VCFOperationsvCommunity",
      "locked": false,
      "dashboardNavigations": {},
      "widgetInteractions": [
         {
            "widgetIdProvider": "02d3f6ad-5ee3-4fe0-a0cf-81a2f2659e02",
            "type": "resourceId",
            "widgetIdReceiver": "42ed956e-bf95-487d-9817-db40536e6d60"
         },
         {
            "widgetIdProvider": "02d3f6ad-5ee3-4fe0-a0cf-81a2f2659e02",
            "type": "resourceId",
            "widgetIdReceiver": "c32b88f5-243c-42e2-9068-1b6cee2b8b46"
         },
         {
            "widgetIdProvider": "02d3f6ad-5ee3-4fe0-a0cf-81a2f2659e02",
            "type": "resourceId",
            "widgetIdReceiver": "9d0139c1-279e-4572-9196-c19b5201ed62"
         },
         {
            "widgetIdProvider": "02d3f6ad-5ee3-4fe0-a0cf-81a2f2659e02",
            "type": "resourceId",
            "widgetIdReceiver": "ee20e05e-370d-4e82-be5b-925b76631596"
         },
         {
            "widgetIdProvider": "02d3f6ad-5ee3-4fe0-a0cf-81a2f2659e02",
            "type": "resourceId",
            "widgetIdReceiver": "f77fe36c-d03c-4bd0-b7ce-dbc0df448daa"
         }
      ],
      "namePath": "vCommunity",
      "lastUpdateUserId": "d5a760a4-19ff-44c7-b07c-6368e932652a",
      "columnCount": 1,
      "userId": "d5a760a4-19ff-44c7-b07c-6368e932652a",
      "name": "vCommunity/ESXi Host Details",
      "gridsterMaxColumns": 12,
      "lastUpdateTime": 1768396567727
   }],
   "uuid": "be1506b3-1b16-4f8b-8273-43327f5f1856"
}